Journal Title,MEDLINE Abbreviation,ISSN (Print),ISSN (Online),Country,Categories,Start Year,NLM ID
ACS chemical neuroscience.,ACS Chem Neurosci,,1948-7193,United States,Neurology,2010,101525337
AJNR.  American journal of neuroradiology.,AJNR Am J Neuroradiol,0195-6108,1936-959X,United States,Neurology; Radiology,1980,8003708
AJOB neuroscience.,AJOB Neurosci,2150-7740,2150-7759,United States,Ethics; Neurology,2010,101518076
ASN neuro.,ASN Neuro,,1759-0914,United States,Chemistry; Neurology,2009,101507115
Acta neurobiologiae experimentalis.,Acta Neurobiol Exp (Wars),0065-1400,1689-0035,Poland,Biology; Neurology,1970,1246675
Acta neurochirurgica.,Acta Neurochir (Wien),0001-6268,0942-0940,Austria,Neurosurgery,1950,0151000
Acta neurochirurgica. Supplement.,Acta Neurochir Suppl,0065-1419,,Austria,Neurosurgery,1994,100962752
Acta neurologica Belgica.,Acta Neurol Belg,0300-9009,2240-2993,Italy,Neurology,1970,0247035
Acta neurologica Taiwanica.,Acta Neurol Taiwan,1028-768X,3050-9173,India,Neurology,1996,9815355
Acta neuropathologica communications.,Acta Neuropathol Commun,,2051-5960,England,Neurology,2013,101610673
Acta neuropathologica.,Acta Neuropathol,0001-6322,1432-0533,Germany,Neurology,1961,0412041
Acta neuropsychiatrica.,Acta Neuropsychiatr,0924-2708,1601-5215,England,Neurology; Psychiatry,1989,9612501
Advances and technical standards in neurosurgery.,Adv Tech Stand Neurosurg,0095-4829,,United States,Neurosurgery,1974,7501064
Advances in neurobiology.,Adv Neurobiol,2190-5215,,United States,Neurology,2011,101571545
Aǧrı : Ağrı (Algoloji) Derneği'nin Yayın organıdır = The journal of the Turkish Society of Algology.,Agri,1300-0012,2458-9446,Turkey,Neurology; Psychophysiology,1989,9426197
Alzheimer disease and associated disorders.,Alzheimer Dis Assoc Disord,0893-0341,1546-4156,United States,Neurology; Psychiatry,1987,8704771
Alzheimer's & dementia : the journal of the Alzheimer's Association.,Alzheimers Dement,1552-5260,1552-5279,United States,Neurology; Psychiatry,2005,101231978
Alzheimer's research & therapy.,Alzheimers Res Ther,,1758-9193,England,Neurology,2009,101511643
American journal of Alzheimer's disease and other dementias.,Am J Alzheimers Dis Other Demen,1533-3175,1938-2731,United States,Neurology,2000,101082834
"American journal of medical genetics. Part B, Neuropsychiatric genetics : the official publication of the International Society of Psychiatric Genetics.",Am J Med Genet B Neuropsychiatr Genet,1552-4841,1552-485X,United States,"Genetics, Medical; Neurology; Psychiatry",2003,101235742
Amyotrophic lateral sclerosis & frontotemporal degeneration.,Amyotroph Lateral Scler Frontotemporal Degener,2167-8421,2167-9223,England,Neurology,2013,101587185
Annals of clinical and translational neurology.,Ann Clin Transl Neurol,,2328-9503,United States,Neurology,2013,101623278
Annals of dyslexia.,Ann Dyslexia,0736-9387,1934-7243,United States,Neurology,1982,8406611
Annals of neurology.,Ann Neurol,0364-5134,1531-8249,United States,Neurology,1977,7707449
Annual review of neuroscience.,Annu Rev Neurosci,0147-006X,1545-4126,United States,Neurology,1978,7804039
Annual review of vision science.,Annu Rev Vis Sci,2374-4642,2374-4650,United States,Neurology; Ophthalmology,2015,101660822
"Anästhesiologie, Intensivmedizin, Notfallmedizin, Schmerztherapie : AINS.",Anasthesiol Intensivmed Notfallmed Schmerzther,0939-2661,1439-1074,Germany,Anesthesiology; Critical Care; Emergency Medicine; Psychophysiology,1991,9109478
Applied neuropsychology. Adult,Appl Neuropsychol Adult,2327-9095,2327-9109,United States,Neurology; Psychology,2012,101584082
Applied neuropsychology. Child.,Appl Neuropsychol Child,2162-2965,2162-2973,United States,Neurology; Pediatrics; Psychology,2012,101584990
Applied psychophysiology and biofeedback.,Appl Psychophysiol Biofeedback,1090-0586,1573-3270,Germany,Behavioral Sciences; Psychophysiology,1997,9712383
Archives of clinical neuropsychology : the official journal of the National Academy of Neuropsychologists.,Arch Clin Neuropsychol,0887-6177,1873-5843,United States,Neurology; Psychology,1986,9004255
"Attention, perception & psychophysics.",Atten Percept Psychophys,1943-3921,1943-393X,United States,Psychology; Psychophysiology,2009,101495384
Audiology & neuro-otology.,Audiol Neurootol,1420-3030,1421-9700,Switzerland,Audiology; Psychophysiology,1996,9606930
Autonomic neuroscience : basic & clinical.,Auton Neurosci,1566-0702,1872-7484,Netherlands,Neurology,2000,100909359
BMC neurology.,BMC Neurol,,1471-2377,England,Neurology,2001,100968555
BMC neuroscience.,BMC Neurosci,,1471-2202,England,Neurology,2000,100966986
BMJ supportive & palliative care.,BMJ Support Palliat Care,2045-435X,2045-4368,England,Palliative Care; Psychophysiology; Therapeutics,2011,101565123
Behavioral and brain functions : BBF.,Behav Brain Funct,,1744-9081,England,Behavioral Sciences; Brain,2005,101245751
Behavioral neuroscience.,Behav Neurosci,0735-7044,1939-0084,United States,Behavioral Sciences; Neurology,1983,8302411
Behavioral sleep medicine.,Behav Sleep Med,1540-2002,1540-2010,England,Behavioral Sciences; Psychophysiology,2003,101149327
Behavioural brain research.,Behav Brain Res,0166-4328,1872-7549,Netherlands,Behavioral Sciences; Brain,1980,8004872
Behavioural neurology.,Behav Neurol,0953-4180,1875-8584,Netherlands,Behavioral Sciences; Neurology,1988,8914585
Biological cybernetics.,Biol Cybern,0340-1200,1432-0770,Germany,Neurology; Physiology,1975,7502533
Biological psychiatry.,Biol Psychiatry,0006-3223,1873-2402,United States,Psychiatry; Psychophysiology,1969,0213264
Biological psychiatry. Cognitive neuroscience and neuroimaging.,Biol Psychiatry Cogn Neurosci Neuroimaging,2451-9022,2451-9030,United States,Diagnostic Imaging; Neurology; Psychiatry,2016,101671285
Biological psychology.,Biol Psychol,0301-0511,1873-6246,Netherlands,Psychophysiology,1973,0375566
Brain & development.,Brain Dev,0387-7604,1872-7131,Netherlands,Brain; Pediatrics,1979,7909235
Brain : a journal of neurology.,Brain,0006-8950,1460-2156,England,Brain; Neurology,1878,0372537
Brain and behavior.,Brain Behav,,2162-3279,United States,Behavioral Sciences; Brain,2011,101570837
Brain and cognition.,Brain Cogn,0278-2626,1090-2147,United States,Brain; Psychophysiology,1982,8218014
Brain and language.,Brain Lang,0093-934X,1090-2155,Netherlands,Brain; Psychophysiology; Speech-Language Pathology,1974,7506220
Brain connectivity.,Brain Connect,2158-0014,2158-0022,United States,Brain; Neurology,2011,101550313
Brain imaging and behavior.,Brain Imaging Behav,1931-7557,1931-7565,United States,Behavioral Sciences; Brain; Diagnostic Imaging,2007,101300405
Brain impairment : a multidisciplinary journal of the Australian Society for the Study of Brain Impairment.,Brain Impair,1443-9646,1839-5252,Australia,Brain; Neurology,2000,101121542
Brain injury,Brain Inj,0269-9052,1362-301X,England,Brain,1987,8710358
Brain pathology.,Brain Pathol,1015-6305,1750-3639,Switzerland,Brain; Pathology,1990,9216781
Brain research bulletin.,Brain Res Bull,0361-9230,1873-2747,United States,Brain,1976,7605818
Brain research.,Brain Res,0006-8993,1872-6240,Netherlands,Brain,1966,0045503
Brain stimulation.,Brain Stimul,1935-861X,1876-4754,United States,Brain,2008,101465726
Brain structure & function.,Brain Struct Funct,1863-2653,1863-2661,Germany,Brain,2007,101282001
Brain topography.,Brain Topogr,0896-0267,1573-6792,United States,Brain,1988,8903034
Brain tumor pathology.,Brain Tumor Pathol,1433-7398,1861-387X,Japan,Brain; Neoplasms; Pathology,1997,9716507
"Brain, behavior and evolution.",Brain Behav Evol,0006-8977,1421-9743,Switzerland,Behavioral Sciences; Biology; Brain,1968,0151620
"Brain, behavior, and immunity.",Brain Behav Immun,0889-1591,1090-2139,Netherlands,Allergy and Immunology; Brain; Psychophysiology,1987,8800478
British journal of neurosurgery.,Br J Neurosurg,0268-8697,1360-046X,England,Neurosurgery,1987,8800054
CNS & neurological disorders drug targets.,CNS Neurol Disord Drug Targets,1871-5273,1996-3181,United Arab Emirates,Drug Therapy; Neurology,2006,101269155
CNS drugs.,CNS Drugs,1172-7047,1179-1934,New Zealand,Drug Therapy; Neurology; Pharmacology,1994,9431220
CNS neuroscience & therapeutics.,CNS Neurosci Ther,1755-5930,1755-5949,England,Neurology; Therapeutics,2008,101473265
CNS spectrums.,CNS Spectr,1092-8529,2165-6509,United States,Neurology; Psychiatry,1996,9702877
Cellular and molecular neurobiology.,Cell Mol Neurobiol,0272-4340,1573-6830,Netherlands,Cell Biology; Molecular Biology; Neurology,1981,8200709
Central nervous system agents in medicinal chemistry.,Cent Nerv Syst Agents Med Chem,1871-5249,1875-6166,United Arab Emirates,Chemistry; Neurology; Pharmacology,2006,101269163
Cephalalgia : an international journal of headache.,Cephalalgia,0333-1024,1468-2982,England,Neurology; Psychophysiology,1981,8200710
Cerebral cortex.,Cereb Cortex,1047-3211,1460-2199,United States,Brain,1991,9110718
Cerebrovascular diseases.,Cerebrovasc Dis,1015-9770,1421-9786,Switzerland,Brain; Vascular Diseases,1991,9100851
Child neuropsychology : a journal on normal and abnormal development in childhood and adolescence.,Child Neuropsychol,0929-7049,1744-4136,England,Neurology; Psychology,1995,9512515
Child's nervous system : ChNS : official journal of the International Society for Pediatric Neurosurgery.,Childs Nerv Syst,0256-7040,1433-0350,Germany,Neurology; Pediatrics,1985,8503227
Clinical EEG and neuroscience.,Clin EEG Neurosci,1550-0594,2169-5202,United States,Brain; Neurology,2004,101213033
Clinical autonomic research : official journal of the Clinical Autonomic Research Society.,Clin Auton Res,0959-9851,1619-1560,Germany,Neurology,1991,9106549
Clinical neurology and neurosurgery.,Clin Neurol Neurosurg,0303-8467,1872-6968,Netherlands,Neurology; Neurosurgery,1974,7502039
Clinical neuropathology.,Clin Neuropathol,0722-5091,,Germany,Neurology; Pathology,1982,8214420
Clinical neurophysiology : official journal of the International Federation of Clinical Neurophysiology.,Clin Neurophysiol,1388-2457,1872-8952,Netherlands,Neurology; Psychophysiology,1999,100883319
Clinical neuroradiology.,Clin Neuroradiol,1869-1439,1869-1447,Germany,Neurology; Radiology,2010,101526693
Cognitive and behavioral neurology : official journal of the Society for Behavioral and Cognitive Neurology.,Cogn Behav Neurol,1543-3633,1543-3641,United States,Neurology; Psychiatry; Psychology,2003,101167278
Cognitive neuropsychiatry.,Cogn Neuropsychiatry,1354-6805,1464-0619,England,Neurology; Psychiatry,1990,9713497
Cognitive neuropsychology.,Cogn Neuropsychol,0264-3294,1464-0627,England,Neurology; Psychology,1984,8411889
Cognitive neuroscience.,Cogn Neurosci,1758-8928,1758-8936,England,Neurology; Psychology,2010,101518151
"Cognitive, affective & behavioral neuroscience.",Cogn Affect Behav Neurosci,1530-7026,1531-135X,United States,Behavioral Sciences; Neurology,2001,101083946
Consciousness and cognition.,Conscious Cogn,1053-8100,1090-2376,United States,Psychology; Psychophysiology,1992,9303140
Continuum : lifelong learning in neurology.,Continuum (Minneap Minn),1080-2371,1538-6899,United States,Neurology,1994,9509333
Cortex; a journal devoted to the study of the nervous system and behavior.,Cortex,0010-9452,1973-8102,Italy,Behavioral Sciences; Brain; Neurology,1964,0100725
Current Alzheimer research.,Curr Alzheimer Res,1567-2050,1875-5828,United Arab Emirates,Neurology,2004,101208441
Current neurology and neuroscience reports.,Curr Neurol Neurosci Rep,1528-4042,1534-6293,United States,Neurology,2000,100931790
Current neuropharmacology.,Curr Neuropharmacol,1570-159X,1875-6190,United Arab Emirates,Neurology; Pharmacology,2003,101157239
Current neurovascular research.,Curr Neurovasc Res,1567-2026,1875-5739,United Arab Emirates,Neurology; Vascular Diseases,2004,101208439
Current opinion in neurobiology.,Curr Opin Neurobiol,0959-4388,1873-6882,England,Biology; Neurology,1991,9111376
Current opinion in neurology.,Curr Opin Neurol,1350-7540,1473-6551,England,Neurology,1993,9319162
Current pain and headache reports.,Curr Pain Headache Rep,1531-3433,1534-3081,United States,Neurology; Psychophysiology,2001,100970666
Current topics in behavioral neurosciences.,Curr Top Behav Neurosci,1866-3370,1866-3389,Germany,Behavioral Sciences; Neurology,2009,101535383
Dementia and geriatric cognitive disorders.,Dement Geriatr Cogn Disord,1420-8008,1421-9824,Switzerland,Geriatrics; Neurology; Psychiatry,1997,9705200
Der Nervenarzt.,Nervenarzt,0028-2804,1433-0407,Germany,Neurology,1928,0400773
Der Schmerz.,Schmerz,0932-433X,1432-2129,Germany,Neurology; Psychophysiology,1987,8906258
Developmental cognitive neuroscience.,Dev Cogn Neurosci,1878-9293,1878-9307,Netherlands,Neurology; Psychophysiology,2011,101541838
Developmental medicine and child neurology.,Dev Med Child Neurol,0012-1622,1469-8749,England,Neurology; Pediatrics,1962,0006761
Developmental neurobiology.,Dev Neurobiol,1932-8451,1932-846X,United States,Biology; Neurology,2007,101300215
Developmental neuropsychology.,Dev Neuropsychol,8756-5641,1532-6942,England,Neurology; Psychology,1985,8702038
Developmental neurorehabilitation.,Dev Neurorehabil,1751-8423,1751-8431,England,Neurology; Pediatrics; Physical and Rehabilitation Medicine,2007,101304394
Developmental neuroscience.,Dev Neurosci,0378-5866,1421-9859,Switzerland,Neurology,1978,7809375
Developmental psychobiology.,Dev Psychobiol,0012-1630,1098-2302,United States,Pediatrics; Psychophysiology,1968,0164074
Dialogues in clinical neuroscience.,Dialogues Clin Neurosci,1294-8322,1958-5969,England,Neurology,1999,101238198
Dyslexia : the journal of the British Dyslexia Association.,Dyslexia,1076-9242,1099-0909,England,Neurology,1995,9511375
Epilepsia open.,Epilepsia Open,,2470-9239,United States,Neurology,2016,101692036
Epilepsia.,Epilepsia,0013-9580,1528-1167,United States,Brain; Neurology,1909,2983306R
Epilepsy & behavior : E&B.,Epilepsy Behav,1525-5050,1525-5069,United States,Behavioral Sciences; Neurology,2000,100892858
Epilepsy research.,Epilepsy Res,0920-1211,1872-6844,Netherlands,Brain; Neurology,1987,8703089
Epileptic disorders : international epilepsy journal with videotape.,Epileptic Disord,1294-9361,1950-6945,United States,Brain; Neurology,1999,100891853
European archives of psychiatry and clinical neuroscience.,Eur Arch Psychiatry Clin Neurosci,0940-1334,1433-8491,Germany,Neurology; Psychiatry,1990,9103030
European journal of neurology.,Eur J Neurol,1351-5101,1468-1331,England,Neurology,1994,9506311
European journal of paediatric neurology : EJPN : official journal of the European Paediatric Neurology Society.,Eur J Paediatr Neurol,1090-3798,1532-2130,England,Neurology; Pediatrics,1997,9715169
European journal of pain : EJP.,Eur J Pain,1090-3801,1532-2149,England,Neurology; Palliative Care; Psychophysiology,1997,9801774
European neurology.,Eur Neurol,0014-3022,1421-9913,Switzerland,Neurology,1968,0150760
European stroke journal.,Eur Stroke J,2396-9873,2396-9881,England,Brain; Vascular Diseases,2016,101688446
Experimental brain research.,Exp Brain Res,0014-4819,1432-1106,Germany,Brain,1966,0043312
Experimental neurology.,Exp Neurol,0014-4886,1090-2430,United States,Neurology,1959,0370712
Expert review of neurotherapeutics.,Expert Rev Neurother,1473-7175,1744-8360,England,Neurology; Therapeutics,2001,101129944
Fluids and barriers of the CNS.,Fluids Barriers CNS,,2045-8118,England,Brain; Neurology,2011,101553157
Folia neuropathologica,Folia Neuropathol,1641-4640,1509-572X,Poland,Neurology; Pathology,1994,9437431
Fortschritte der Neurologie-Psychiatrie.,Fortschr Neurol Psychiatr,0720-4299,1439-3522,Germany,Neurology; Psychiatry,1981,8103137
Frontiers in neural circuits.,Front Neural Circuits,,1662-5110,Switzerland,Brain; Neurology,2007,101477940
Frontiers in neuroendocrinology.,Front Neuroendocrinol,0091-3022,1095-6808,United States,Endocrinology; Neurology,1969,7513292
"Genes, brain, and behavior.",Genes Brain Behav,1601-1848,1601-183X,England,Behavioral Sciences; Brain; Genetics,2002,101129617
Glia.,Glia,0894-1491,1098-1136,United States,Neurology,1988,8806785
Handbook of clinical neurology.,Handb Clin Neurol,0072-9752,,Netherlands,Neurology,1968,0166161
Headache.,Headache,0017-8748,1526-4610,United States,Neurology; Psychophysiology,1961,2985091R
Hippocampus.,Hippocampus,1050-9631,1098-1063,United States,Brain,1991,9108167
Human brain mapping.,Hum Brain Mapp,1065-9471,1097-0193,United States,Brain,1993,9419065
Ideggyógyászati szemle.,Ideggyogy Sz,0019-1442,2498-6208,Hungary,Neurology,1955,17510500R
International journal of developmental neuroscience : the official journal of the International Society for Developmental Neuroscience.,Int J Dev Neurosci,0736-5748,1873-474X,United States,Neurology,1983,8401784
International journal of psychophysiology : official journal of the International Organization of Psychophysiology.,Int J Psychophysiol,0167-8760,1872-7697,Netherlands,Psychophysiology,1983,8406214
International review of neurobiology.,Int Rev Neurobiol,0074-7742,2162-5514,United States,Biology; Neurology,1959,0374740
"Interventional neuroradiology : journal of peritherapeutic neuroradiology, surgical procedures and related neurosciences.",Interv Neuroradiol,1591-0199,2385-2011,United States,Neurology; Radiology,1995,9602695
JAMA neurology.,JAMA Neurol,2168-6149,2168-6157,United States,Neurology,2013,101589536
Journal of Alzheimer's disease : JAD.,J Alzheimers Dis,1387-2877,1875-8908,United States,Geriatrics; Neurology,1998,9814863
Journal of Huntington's disease.,J Huntingtons Dis,1879-6397,1879-6400,United States,Neurology,2012,101589965
Journal of Parkinson's disease.,J Parkinsons Dis,1877-7171,1877-718X,United States,Neurology,2011,101567362
Journal of cerebral blood flow and metabolism : official journal of the International Society of Cerebral Blood Flow and Metabolism.,J Cereb Blood Flow Metab,0271-678X,1559-7016,United States,Brain; Metabolism; Vascular Diseases,1981,8112566
Journal of chemical neuroanatomy.,J Chem Neuroanat,0891-0618,1873-6300,Netherlands,Anatomy; Chemistry; Neurology,1988,8902615
Journal of child neurology.,J Child Neurol,0883-0738,1708-8283,United States,Neurology; Pediatrics,1986,8606714
Journal of clinical and experimental neuropsychology.,J Clin Exp Neuropsychol,1380-3395,1744-411X,England,Neurology; Psychology,1985,8502170
Journal of clinical neuromuscular disease.,J Clin Neuromuscul Dis,1522-0443,1537-1611,United States,Neurology; Physiology,1999,100887391
Journal of clinical neurophysiology : official publication of the American Electroencephalographic Society.,J Clin Neurophysiol,0736-0258,1537-1603,United States,Neurology; Physiology,1984,8506708
Journal of clinical neuroscience : official journal of the Neurosurgical Society of Australasia.,J Clin Neurosci,0967-5868,1532-2653,Scotland,Neurology,1994,9433352
Journal of clinical sleep medicine : JCSM : official publication of the American Academy of Sleep Medicine.,J Clin Sleep Med,1550-9389,1550-9397,Switzerland,Neurology; Psychophysiology,2005,101231977
Journal of cognitive neuroscience.,J Cogn Neurosci,0898-929X,1530-8898,United States,Neurology,1989,8910747
"Journal of comparative physiology. A, Neuroethology, sensory, neural, and behavioral physiology.",J Comp Physiol A Neuroethol Sens Neural Behav Physiol,0340-7594,1432-1351,Germany,Behavioral Sciences; Neurology,2001,101141792
Journal of computational neuroscience.,J Comput Neurosci,0929-5313,1573-6873,United States,Computational Biology; Neurology,1994,9439510
Journal of geriatric psychiatry and neurology.,J Geriatr Psychiatry Neurol,0891-9887,1552-5708,United States,Geriatrics; Neurology; Psychiatry,1988,8805645
Journal of integrative neuroscience.,J Integr Neurosci,0219-6352,,Singapore,Neurology,2002,101156357
Journal of molecular neuroscience : MN.,J Mol Neurosci,0895-8696,1559-1166,United States,Molecular Biology; Neurology,1989,9002991
Journal of musculoskeletal & neuronal interactions.,J Musculoskelet Neuronal Interact,1108-7161,,Greece,Neurology; Orthopedics; Physiology,2000,101084496
Journal of neural engineering.,J Neural Eng,1741-2560,1741-2552,England,Biomedical Engineering; Neurology,2004,101217933
Journal of neural transmission.,J Neural Transm (Vienna),0300-9564,1435-1463,Austria,Neurology; Physiology,1996,9702341
Journal of neuro-oncology.,J Neurooncol,0167-594X,1573-7373,United States,Neoplasms; Neurology,1983,8309335
Journal of neuro-ophthalmology : the official journal of the North American Neuro-Ophthalmology Society.,J Neuroophthalmol,1070-8022,1536-5166,United States,Neurology; Ophthalmology,1994,9431308
Journal of neurochemistry.,J Neurochem,0022-3042,1471-4159,England,Chemistry; Neurology,1956,2985190R
Journal of neurodevelopmental disorders.,J Neurodev Disord,1866-1947,1866-1955,England,Neurology; Psychiatry,2009,101483832
Journal of neuroendocrinology.,J Neuroendocrinol,0953-8194,1365-2826,United States,Endocrinology; Neurology,1989,8913461
Journal of neuroengineering and rehabilitation.,J Neuroeng Rehabil,,1743-0003,England,Biomedical Engineering; Neurology; Physical and Rehabilitation Medicine,2004,101232233
Journal of neurogenetics.,J Neurogenet,0167-7063,1563-5260,England,"Genetics, Medical; Neurology",1983,8406473
Journal of neuroimaging : official journal of the American Society of Neuroimaging.,J Neuroimaging,1051-2284,1552-6569,United States,Diagnostic Imaging; Neurology,1991,9102705
Journal of neuroimmune pharmacology : the official journal of the Society on NeuroImmune Pharmacology.,J Neuroimmune Pharmacol,1557-1890,1557-1904,United States,Allergy and Immunology; Neurology; Pharmacology,2006,101256586
Journal of neuroimmunology.,J Neuroimmunol,0165-5728,1872-8421,Netherlands,Allergy and Immunology; Neurology,1981,8109498
Journal of neuroinflammation.,J Neuroinflammation,,1742-2094,England,Neurology,2004,101222974
Journal of neurointerventional surgery.,J Neurointerv Surg,1759-8478,1759-8486,England,General Surgery; Neurology,2009,101517079
Journal of neurologic physical therapy : JNPT.,J Neurol Phys Ther,1557-0576,1557-0584,United States,Neurology; Physical and Rehabilitation Medicine,2003,101193365
"Journal of neurological surgery. Part A, Central European neurosurgery.",J Neurol Surg A Cent Eur Neurosurg,2193-6315,2193-6323,Germany,Neurosurgery,2012,101580767
"Journal of neurology, neurosurgery, and psychiatry.",J Neurol Neurosurg Psychiatry,0022-3050,1468-330X,England,Neurology; Neurosurgery; Psychiatry,1944,2985191R
Journal of neurology.,J Neurol,0340-5354,1432-1459,Germany,Neurology,1974,0423161
Journal of neuromuscular diseases.,J Neuromuscul Dis,2214-3599,2214-3602,United States,Neurology,2014,101649948
Journal of neuropathology and experimental neurology.,J Neuropathol Exp Neurol,0022-3069,1554-6578,England,Neurology; Pathology,1942,2985192R
Journal of neurophysiology.,J Neurophysiol,0022-3077,1522-1598,United States,Neurology; Physiology,1938,0375404
Journal of neuropsychology.,J Neuropsychol,1748-6645,1748-6653,England,Neurology; Psychology,2007,101468753
Journal of neuroradiology = Journal de neuroradiologie.,J Neuroradiol,0150-9861,,France,Neurology; Radiology,1976,7705086
Journal of neuroscience methods.,J Neurosci Methods,0165-0270,1872-678X,Netherlands,Neurology,1979,7905558
Journal of neuroscience research.,J Neurosci Res,0360-4012,1097-4547,United States,Neurology,1975,7600111
Journal of neurosurgery.,J Neurosurg,0022-3085,1933-0693,United States,Neurosurgery,1944,0253357
Journal of neurosurgery. Pediatrics.,J Neurosurg Pediatr,1933-0707,1933-0715,United States,Neurosurgery; Pediatrics,2008,101463759
Journal of neurosurgery. Spine.,J Neurosurg Spine,1547-5654,1547-5646,United States,Neurosurgery,2004,101223545
Journal of neurosurgical anesthesiology.,J Neurosurg Anesthesiol,0898-4921,1537-1921,United States,Anesthesiology; Neurosurgery,1989,8910749
Journal of neurosurgical sciences.,J Neurosurg Sci,0390-5616,1827-1855,Italy,Neurosurgery,1973,0432557
Journal of neurotrauma.,J Neurotrauma,0897-7151,1557-9042,United States,Neurology; Traumatology,1988,8811626
Journal of neurovirology.,J Neurovirol,1355-0284,1538-2443,United States,Neurology; Virology,1995,9508123
Journal of opioid management.,J Opioid Manag,1551-7489,,United States,Drug Therapy; Neurology; Psychophysiology; Substance-Related Disorders,2005,101234523
Journal of oral & facial pain and headache.,J Oral Facial Pain Headache,2333-0384,2333-0376,Singapore,Dentistry; Neurology; Psychophysiology,2014,101624698
Journal of pain & palliative care pharmacotherapy.,J Pain Palliat Care Pharmacother,1536-0288,1536-0539,England,Drug Therapy; Palliative Care; Psychophysiology,2002,101125608
Journal of pain and symptom management.,J Pain Symptom Manage,0885-3924,1873-6513,United States,Palliative Care; Psychophysiology; Therapeutics,1986,8605836
Journal of psychiatry & neuroscience : JPN.,J Psychiatry Neurosci,1180-4882,1488-2434,Canada,Neurology; Psychiatry,1991,9107859
Journal of reconstructive microsurgery.,J Reconstr Microsurg,0743-684X,1098-8947,United States,General Surgery; Neurosurgery,1984,8502670
Journal of sleep research.,J Sleep Res,0962-1105,1365-2869,England,Psychophysiology,1992,9214441
Journal of stroke and cerebrovascular diseases : the official journal of National Stroke Association.,J Stroke Cerebrovasc Dis,1052-3057,1532-8511,United States,Brain; Vascular Diseases,1991,9111633
Journal of the International Neuropsychological Society : JINS.,J Int Neuropsychol Soc,1355-6177,1469-7661,England,Neurology; Psychology,1995,9503760
Journal of the history of the neurosciences.,J Hist Neurosci,0964-704X,1744-5213,England,History of Medicine; Neurology,1992,9441330
Journal of the neurological sciences.,J Neurol Sci,0022-510X,1878-5883,Netherlands,Neurology,1964,0375403
Journal of the peripheral nervous system : JPNS.,J Peripher Nerv Syst,1085-9489,1529-8027,United States,Neurology,1996,9704532
L'Encéphale.,Encephale,0013-7006,,France,Brain,1906,7505643
Laterality.,Laterality,1357-650X,1464-0678,England,Neurology,1996,9609064
Learning & memory.,Learn Mem,1072-0502,1549-5485,United States,Neurology,1994,9435678
Metabolic brain disease.,Metab Brain Dis,0885-7490,1573-7365,United States,Brain; Metabolism,1986,8610370
Molecular and cellular neurosciences.,Mol Cell Neurosci,1044-7431,1095-9327,United States,Cell Biology; Molecular Biology; Neurology,1990,9100095
Molecular brain.,Mol Brain,,1756-6606,England,Brain; Molecular Biology,2008,101468876
Molecular neurobiology.,Mol Neurobiol,0893-7648,1559-1182,United States,Molecular Biology; Neurology,1987,8900963
Molecular neurodegeneration.,Mol Neurodegener,,1750-1326,England,Molecular Biology; Neurology,2006,101266600
Molecular pain,Mol Pain,,1744-8069,United States,Molecular Biology; Neurology; Psychophysiology,2005,101242662
Motor control.,Motor Control,1087-1640,,United States,Neurology; Psychophysiology,1997,9706297
Movement disorders : official journal of the Movement Disorder Society.,Mov Disord,0885-3185,1531-8257,United States,Neurology,1986,8610688
Movement disorders clinical practice.,Mov Disord Clin Pract,,2330-1619,United States,Neurology,2014,101630279
Multiple sclerosis : clinical and laboratory research.,Mult Scler,1352-4585,1477-0970,England,Neurology,1995,9509185
Multiple sclerosis and related disorders.,Mult Scler Relat Disord,2211-0348,2211-0356,Netherlands,Neurology,2012,101580247
Multisensory research.,Multisens Res,2213-4794,2213-4808,Netherlands,Ophthalmology; Psychophysiology,2013,101604290
Muscle & nerve.,Muscle Nerve,0148-639X,1097-4598,United States,Neurology; Physiology,1978,7803146
Nature neuroscience.,Nat Neurosci,1097-6256,1546-1726,United States,Neurology,1998,9809671
Nature reviews. Neurology.,Nat Rev Neurol,1759-4758,1759-4766,England,Neurology,2009,101500072
Nature reviews. Neuroscience.,Nat Rev Neurosci,1471-003X,1471-0048,England,Neurology,2000,100962781
Network : computation in neural systems.,Network,0954-898X,1361-6536,England,Neurology,1990,9431867
Neural networks : the official journal of the International Neural Network Society.,Neural Netw,0893-6080,1879-2782,United States,Computational Biology; Neurology,1988,8805018
Neural plasticity.,Neural Plast,2090-5904,1687-5443,United States,Neurology,1998,100883417
Neuro endocrinology letters.,Neuro Endocrinol Lett,0172-780X,2354-4716,Sweden,Endocrinology; Neurology,1979,8008373
Neuro-Chirurgie.,Neurochirurgie,0028-3770,1773-0619,France,Neurosurgery,1955,0401057
Neuro-Signals.,Neurosignals,1424-862X,1424-8638,Switzerland,Cell Biology; Neurology,2002,101134359
Neuro-degenerative diseases.,Neurodegener Dis,1660-2854,1660-2862,Switzerland,Neurology,2004,101189034
Neuro-oncology.,Neuro Oncol,1522-8517,1523-5866,England,Neoplasms; Neurology,1999,100887420
NeuroImage. Clinical.,Neuroimage Clin,,2213-1582,Netherlands,Diagnostic Imaging; Neurology,2012,101597070
NeuroRehabilitation.,NeuroRehabilitation,1053-8135,1878-6448,United States,Neurology; Physical and Rehabilitation Medicine,1991,9113791
Neurobiology of aging.,Neurobiol Aging,0197-4580,1558-1497,United States,Geriatrics; Neurology; Physiology,1980,8100437
Neurobiology of disease.,Neurobiol Dis,0969-9961,1095-953X,United States,Neurology,1994,9500169
Neurobiology of learning and memory.,Neurobiol Learn Mem,1074-7427,1095-9564,United States,Behavioral Sciences; Biology; Neurology,1995,9508166
Neurocase.,Neurocase,1355-4794,1465-3656,England,Behavioral Sciences; Neurology; Psychiatry; Psychology,1995,9511374
Neurochemical research.,Neurochem Res,0364-3190,1573-6903,United States,Chemistry; Neurology,1976,7613461
Neurochemistry international.,Neurochem Int,0197-0186,1872-9754,England,Chemistry; Neurology,1980,8006959
Neurocirugía.,Neurocirugia (Engl Ed),,2529-8496,Spain,Neurosurgery,2017,101778588
Neurocritical care.,Neurocrit Care,1541-6933,1556-0961,United States,Critical Care; Neurology,2004,101156086
Neurodegenerative disease management.,Neurodegener Dis Manag,1758-2024,1758-2032,England,Neurology,2011,101517977
Neuroendocrinology.,Neuroendocrinology,0028-3835,1423-0194,Switzerland,Endocrinology; Neurology,1965,0035665
Neuroepidemiology.,Neuroepidemiology,0251-5350,1423-0208,Switzerland,Epidemiology; Neurology,1982,8218700
Neurogastroenterology and motility.,Neurogastroenterol Motil,1350-1925,1365-2982,England,Gastroenterology; Neurology,1994,9432572
Neurogenetics.,Neurogenetics,1364-6745,1364-6753,United States,Genetics; Neurology,1997,9709714
Neuroimaging clinics of North America.,Neuroimaging Clin N Am,1052-5149,1557-9867,United States,Diagnostic Imaging; Neurology,1991,9211377
Neuroimmunomodulation.,Neuroimmunomodulation,1021-7401,1423-0216,Switzerland,Allergy and Immunology; Neurology,1994,9422763
Neuroinformatics.,Neuroinformatics,1539-2791,1559-0089,United States,Medical Informatics; Neurology,2002,101142069
Neurologia i neurochirurgia polska.,Neurol Neurochir Pol,0028-3843,1897-4260,Poland,Neurology; Neurosurgery,1967,0101265
Neurologia medico-chirurgica.,Neurol Med Chir (Tokyo),0470-8105,1349-8029,Japan,Neurology; Neurosurgery,1959,0400775
Neurologic clinics.,Neurol Clin,0733-8619,1557-9875,United States,Neurology,1983,8219232
Neurological research.,Neurol Res,0161-6412,1743-1328,England,Neurology,1979,7905298
Neurological sciences : official journal of the Italian Neurological Society and of the Italian Society of Clinical Neurophysiology.,Neurol Sci,1590-1874,1590-3478,Italy,Neurology,2000,100959175
Neurología.,Neurologia (Engl Ed),,2173-5808,Spain,Neurology,2000,101778590
Neurology India.,Neurol India,0028-3886,1998-4022,India,Neurology,1964,0042005
Neurology.,Neurology,0028-3878,1526-632X,United States,Neurology,1951,0401060
Neurology. Clinical practice.,Neurol Clin Pract,2163-0402,2163-0933,United States,Neurology,2011,101577149
Neurology® neuroimmunology & neuroinflammation.,Neurol Neuroimmunol Neuroinflamm,,2332-7812,United States,Neurology,2014,101636388
Neuromodulation : journal of the International Neuromodulation Society.,Neuromodulation,1094-7159,1525-1403,United States,Neurology,1998,9804159
Neuromolecular medicine.,Neuromolecular Med,1535-1084,1559-1174,United States,Molecular Biology; Neurology,2002,101135365
Neuromuscular disorders : NMD.,Neuromuscul Disord,0960-8966,1873-2364,England,Neurology,1991,9111470
Neuron.,Neuron,0896-6273,1097-4199,United States,Neurology,1988,8809320
Neuropathology : official journal of the Japanese Society of Neuropathology.,Neuropathology,0919-6544,1440-1789,Australia,Neurology; Pathology,1993,9606526
Neuropathology and applied neurobiology.,Neuropathol Appl Neurobiol,0305-1846,1365-2990,England,Biology; Neurology; Pathology,1975,7609829
Neuropediatrics.,Neuropediatrics,0174-304X,1439-1899,Germany,Neurology; Pediatrics,1980,8101187
Neuropeptides.,Neuropeptides,0143-4179,1532-2785,Netherlands,Biochemistry; Neurology,1980,8103156
Neuropharmacology.,Neuropharmacology,0028-3908,1873-7064,England,Neurology; Pharmacology,1970,0236217
Neurophysiologie clinique = Clinical neurophysiology.,Neurophysiol Clin,0987-7053,1769-7131,France,Neurology; Physiology,1988,8804532
"Neuropsychiatrie : Klinik, Diagnostik, Therapie und Rehabilitation : Organ der Gesellschaft Österreichischer Nervenärzte und Psychiater.",Neuropsychiatr,0948-6259,2194-1327,Germany,Neurology; Psychiatry,1986,9440588
Neuropsychobiology.,Neuropsychobiology,0302-282X,1423-0224,Switzerland,Neurology; Psychiatry,1975,7512895
Neuropsychologia.,Neuropsychologia,0028-3932,1873-3514,England,Neurology; Psychology,1963,0020713
Neuropsychological rehabilitation.,Neuropsychol Rehabil,0960-2011,1464-0694,England,Neurology; Physical and Rehabilitation Medicine; Psychology,1991,9112672
Neuropsychology review.,Neuropsychol Rev,1040-7308,1573-6660,United States,Neurology; Psychology,1990,9009029
"Neuropsychology, development, and cognition. Section B, Aging, neuropsychology and cognition.",Neuropsychol Dev Cogn B Aging Neuropsychol Cogn,1382-5585,1744-4128,United States,Geriatrics; Neurology; Psychology,1996,9614434
Neuropsychology.,Neuropsychology,0894-4105,1931-1559,United States,Neurology; Psychology,1987,8904467
Neuropsychopharmacologia Hungarica : a Magyar Pszichofarmakológiai Egyesület lapja = official journal of the Hungarian Association of Psychopharmacology.,Neuropsychopharmacol Hung,1419-8711,2064-2512,Hungary,Neurology; Psychopharmacology,1999,100961631
Neuropsychopharmacology : official publication of the American College of Neuropsychopharmacology.,Neuropsychopharmacology,0893-133X,1740-634X,England,Neurology; Psychopharmacology,1987,8904907
Neuropsychopharmacology reports.,Neuropsychopharmacol Rep,,2574-173X,United States,Neurology; Psychopharmacology,2018,101719700
Neuroradiology.,Neuroradiology,0028-3940,1432-1920,Germany,Neurology; Radiology,1970,1302751
Neurorehabilitation and neural repair.,Neurorehabil Neural Repair,1545-9683,1552-6844,United States,Neurology; Physical and Rehabilitation Medicine,1999,100892086
Neuroreport.,Neuroreport,0959-4965,1473-558X,England,Neurology,1990,9100935
Neuroscience and biobehavioral reviews.,Neurosci Biobehav Rev,0149-7634,1873-7528,United States,Behavioral Sciences; Neurology,1978,7806090
Neuroscience bulletin.,Neurosci Bull,1673-7067,1995-8218,Singapore,Neurology,2005,101256850
Neuroscience letters.,Neurosci Lett,0304-3940,1872-7972,Ireland,Neurology,1975,7600130
Neuroscience research.,Neurosci Res,0168-0102,1872-8111,Ireland,Neurology,1984,8500749
Neuroscience.,Neuroscience,0306-4522,1873-7544,United States,Neurology,1976,7605074
Neurosciences : the official journal of the Pan Arab Union of Neurological Sciences.,Neurosciences (Riyadh),1319-6138,,Saudi Arabia,Neurology,1996,101252453
Neurosurgery clinics of North America.,Neurosurg Clin N Am,1042-3680,1558-1349,United States,Neurosurgery,1990,9008004
Neurosurgery.,Neurosurgery,0148-396X,1524-4040,United States,Neurosurgery,1977,7802914
Neurosurgical focus.,Neurosurg Focus,,1092-0684,United States,Neurosurgery,1996,100896471
Neurosurgical review.,Neurosurg Rev,0344-5607,1437-2320,Germany,Neurosurgery,1978,7908181
Neurotherapeutics : the journal of the American Society for Experimental NeuroTherapeutics.,Neurotherapeutics,1933-7213,1878-7479,United States,Neurology,2007,101290381
Neurotoxicity research.,Neurotox Res,1029-8428,1476-3524,United States,Neurology,1999,100929017
Neurotoxicology and teratology.,Neurotoxicol Teratol,0892-0362,1872-9738,United States,Neurology; Toxicology,1987,8709538
Neurotoxicology.,Neurotoxicology,0161-813X,1872-9711,Netherlands,Environmental Health; Neurology; Toxicology,1979,7905589
Neurourology and urodynamics.,Neurourol Urodyn,0733-2467,1520-6777,United States,Neurology; Urology,1982,8303326
No shinkei geka. Neurological surgery.,No Shinkei Geka,0301-2603,1882-1251,Japan,Brain; Neurosurgery,1973,0377015
Nutritional neuroscience.,Nutr Neurosci,1028-415X,1476-8305,England,Neurology; Nutritional Sciences,1998,100892202
Operative neurosurgery.,Oper Neurosurg,2332-4252,2332-4260,United States,Neurosurgery,2014,101635417
"Otology & neurotology : official publication of the American Otological Society, American Neurotology Society [and] European Academy of Otology and Neurotology.",Otol Neurotol,1531-7129,1537-4505,United States,Neurology; Otolaryngology,2001,100961504
Pain management nursing : official journal of the American Society of Pain Management Nurses.,Pain Manag Nurs,1524-9042,1532-8635,United States,Neurology; Nursing; Psychophysiology,2000,100890606
Pain management.,Pain Manag,1758-1869,1758-1877,England,Psychophysiology,2011,101555934
Pain medicine : the official journal of the American Academy of Pain Medicine.,Pain Med,1526-2375,1526-4637,England,Neurology; Palliative Care; Psychophysiology,2000,100894201
Pain medicine case reports.,Pain Med Case Rep,,2768-5152,United States,Medicine; Psychophysiology,2020,9918249509106676
Pain physician.,Pain Physician,1533-3159,2150-1149,United States,Neurology; Psychophysiology,1999,100954394
Pain practice : the official journal of World Institute of Pain.,Pain Pract,1530-7085,1533-2500,United States,Neurology; Psychophysiology,2001,101130835
Pain research & management.,Pain Res Manag,1203-6765,1918-1523,United States,Neurology; Psychophysiology,1996,9612504
Pain.,Pain,0304-3959,1872-6623,United States,Neurology; Psychophysiology,1975,7508686
Parkinsonism & related disorders.,Parkinsonism Relat Disord,1353-8020,1873-5126,England,Neurology,1995,9513583
Pediatric neurology.,Pediatr Neurol,0887-8994,1873-5150,United States,Neurology; Pediatrics,1985,8508183
Pediatric neurosurgery.,Pediatr Neurosurg,1016-2291,1423-0305,Switzerland,Neurosurgery; Pediatrics,1990,9114967
Perception.,Perception,0301-0066,1468-4233,United States,Psychology; Psychophysiology,1972,0372307
Perceptual and motor skills.,Percept Mot Skills,0031-5125,1558-688X,United States,Psychology; Psychophysiology,1955,0401131
Physiology & behavior.,Physiol Behav,0031-9384,1873-507X,United States,Behavioral Sciences; Physiology; Psychophysiology,1966,0151504
Practical neurology.,Pract Neurol,1474-7758,1474-7766,England,Neurology,2001,101130961
Progress in brain research.,Prog Brain Res,0079-6123,1875-7855,Netherlands,Brain,1963,0376441
Progress in neurobiology.,Prog Neurobiol,0301-0082,1873-5118,England,Biology; Neurology,1973,0370121
Psychiatry and clinical neurosciences.,Psychiatry Clin Neurosci,1323-1316,1440-1819,Australia,Neurology; Psychiatry,1995,9513551
Psychiatry research. Neuroimaging.,Psychiatry Res Neuroimaging,0925-4927,1872-7506,Netherlands,Diagnostic Imaging; Neurology; Psychiatry,1990,101723001
Psychoneuroendocrinology.,Psychoneuroendocrinology,0306-4530,1873-3360,England,Endocrinology; Neurology; Psychiatry,1975,7612148
Psychophysiology.,Psychophysiology,0048-5772,1469-8986,United States,Psychophysiology,1964,0142657
Purinergic signalling.,Purinergic Signal,1573-9538,1573-9546,Netherlands,Biochemistry; Neurology,2004,101250499
Regional anesthesia and pain medicine.,Reg Anesth Pain Med,1098-7339,1532-8651,England,Anesthesiology; Neurology; Psychophysiology,1998,9804508
Restorative neurology and neuroscience.,Restor Neurol Neurosci,0922-6028,1878-3627,United States,Neurology,1989,9005499
Reviews in the neurosciences.,Rev Neurosci,0334-1763,2191-0200,Germany,Neurology,1986,8711016
Revista de neurologia.,Rev Neurol,0210-0010,1576-6578,Singapore,Neurology,1972,7706841
Revue neurologique.,Rev Neurol (Paris),0035-3787,,France,Neurology,1893,2984779R
Scandinavian journal of pain.,Scand J Pain,1877-8860,1877-8879,Germany,Psychophysiology,2009,101520867
Seizure.,Seizure,1059-1311,1532-2688,England,Neurology,1992,9306979
Seminars in neurology.,Semin Neurol,0271-8235,1098-9021,United States,Neurology,1981,8111343
Seminars in pediatric neurology.,Semin Pediatr Neurol,1071-9091,1558-0776,United States,Neurology; Pediatrics,1994,9441351
Sleep & breathing = Schlaf & Atmung.,Sleep Breath,1520-9512,1522-1709,Germany,Psychophysiology; Pulmonary Medicine,1996,9804161
Sleep health.,Sleep Health,2352-7218,2352-7226,United States,Psychophysiology,2015,101656808
Sleep medicine clinics.,Sleep Med Clin,1556-407X,1556-4088,United States,Psychophysiology,2006,101271531
Sleep medicine reviews.,Sleep Med Rev,1087-0792,1532-2955,England,Neurology; Psychophysiology,1997,9804678
Sleep medicine.,Sleep Med,1389-9457,1878-5506,Netherlands,Neurology; Psychophysiology,2000,100898759
Sleep.,Sleep,0161-8105,1550-9109,United States,Psychophysiology,1978,7809084
Social cognitive and affective neuroscience.,Soc Cogn Affect Neurosci,1749-5016,1749-5024,England,Neurology; Social Sciences,2006,101288795
Social neuroscience.,Soc Neurosci,1747-0919,1747-0927,England,Neurology; Social Sciences,2006,101279009
Somatosensory & motor research.,Somatosens Mot Res,0899-0220,1369-1651,England,Neurology; Psychophysiology,1988,8904127
Spinal cord series and cases.,Spinal Cord Ser Cases,,2058-6124,England,Neurology,2015,101680856
Spinal cord.,Spinal Cord,1362-4393,1476-5624,England,Neurology,1996,9609749
Stereotactic and functional neurosurgery.,Stereotact Funct Neurosurg,1011-6125,1423-0372,Switzerland,Neurosurgery,1989,8902881
Stress : the international journal on the biology of stress.,Stress,1025-3890,1607-8888,England,Neurology,1996,9617529
Stroke and vascular neurology.,Stroke Vasc Neurol,2059-8688,2059-8696,England,Neurology; Vascular Diseases,2016,101689996
Stroke.,Stroke,0039-2499,1524-4628,United States,Brain; Vascular Diseases,1970,0235266
Synapse.,Synapse,0887-4476,1098-2396,United States,Neurology,1987,8806914
The Behavioral and brain sciences.,Behav Brain Sci,0140-525X,1469-1825,England,Behavioral Sciences; Brain; Neurology; Psychology,1978,7808666
The Canadian journal of neurological sciences. Le journal canadien des sciences neurologiques.,Can J Neurol Sci,0317-1671,,England,Neurology,1974,0415227
The Clinical journal of pain.,Clin J Pain,0749-8047,1536-5409,United States,Neurology; Psychophysiology,1985,8507389
The Clinical neuropsychologist.,Clin Neuropsychol,1385-4046,1744-4144,England,Neurology; Psychology,1987,8806548
The European journal of neuroscience.,Eur J Neurosci,0953-816X,1460-9568,France,Neurology,1989,8918110
The International journal of neuroscience.,Int J Neurosci,0020-7454,1563-5279,England,Neurology,1970,0270707
The Journal of comparative neurology.,J Comp Neurol,0021-9967,1096-9861,United States,Neurology,1911,0406041
The Journal of nervous and mental disease.,J Nerv Ment Dis,0022-3018,1539-736X,United States,Neurology; Psychiatry,1876,0375402
The Journal of neuropsychiatry and clinical neurosciences.,J Neuropsychiatry Clin Neurosci,0895-0172,1545-7222,United States,Neurology; Psychiatry,1989,8911344
The Journal of neuroscience : the official journal of the Society for Neuroscience.,J Neurosci,0270-6474,1529-2401,United States,Neurology,1981,8102140
The Journal of neuroscience nursing : journal of the American Association of Neuroscience Nurses.,J Neurosci Nurs,0888-0395,1945-2810,United States,Neurology; Neurosurgery; Nursing,1986,8603596
The Lancet. Neurology.,Lancet Neurol,1474-4422,1474-4465,England,Neurology,2002,101139309
The Neurodiagnostic journal.,Neurodiagn J,2164-6821,2375-8627,United States,Neurology,2012,101573167
"The Neuroscientist : a review journal bringing neurobiology, neurology and psychiatry.",Neuroscientist,1073-8584,1089-4098,United States,Neurology; Psychiatry,1995,9504819
The cerebellum.,Cerebellum,1473-4222,1473-4230,United States,Brain,2002,101089443
The international journal of neuropsychopharmacology,Int J Neuropsychopharmacol,1461-1457,1469-5111,England,Neurology; Psychopharmacology,1998,9815893
The journal of ECT.,J ECT,1095-0680,1533-4112,United States,Neurology; Therapeutics,1998,9808943
The journal of headache and pain.,J Headache Pain,1129-2369,1129-2377,England,Neurology; Psychophysiology,2000,100940562
The journal of pain.,J Pain,1526-5900,1528-8447,United States,Neurology; Psychophysiology,2000,100898657
The journal of prevention of Alzheimer's disease.,J Prev Alzheimers Dis,2274-5807,2426-0266,United States,Neurology,2014,101638820
The journal of spinal cord medicine.,J Spinal Cord Med,1079-0268,2045-7723,England,Neurology; Physical and Rehabilitation Medicine,1995,9504452
The neurologist.,Neurologist,1074-7931,2331-2637,United States,Neurology,1995,9503763
The neuroradiology journal.,Neuroradiol J,1971-4009,2385-1996,United States,Neurology; Radiology,2006,101295103
The primary care companion for CNS disorders.,Prim Care Companion CNS Disord,2155-7772,2155-7780,United States,Neurology; Primary Health Care; Psychiatry; Psychophysiology,2010,101547532
The quarterly journal of experimental psychology : QJEP.,Q J Exp Psychol (Hove),1747-0218,1747-0226,England,Psychology; Psychophysiology,2006,101259775
Translational neurodegeneration.,Transl Neurodegener,,2047-9158,England,Neurology,2012,101591861
Translational stroke research.,Transl Stroke Res,1868-4483,1868-601X,United States,Brain; Vascular Diseases,2010,101517297
Tremor and other hyperkinetic movements.,Tremor Other Hyperkinet Mov (N Y),,2160-8288,England,Neurology,2011,101569493
Trends in neuroscience and education.,Trends Neurosci Educ,2452-0837,2211-9493,Germany,Neurology,2012,101613233
Trends in neurosciences.,Trends Neurosci,0166-2236,1878-108X,England,Neurology,1978,7808616
Turkish neurosurgery.,Turk Neurosurg,1019-5149,2651-5032,Turkey,Neurosurgery,1989,9423821
Visual neuroscience.,Vis Neurosci,0952-5238,1469-8714,China,Neurology; Ophthalmology,1988,8809466
World neurosurgery.,World Neurosurg,1878-8750,1878-8769,United States,Neurosurgery,2010,101528275
Zeitschrift für Psychosomatische Medizin und Psychotherapie.,Z Psychosom Med Psychother,1438-3608,2196-8349,Germany,Psychiatry; Psychophysiology,1999,100886617
Zhurnal nevrologii i psikhiatrii imeni S.S. Korsakova,Zh Nevrol Psikhiatr Im S S Korsakova,1997-7298,2309-4729,Russia (Federation),Neurology; Psychiatry,1993,9712194
Zhurnal voprosy neĭrokhirurgii imeni N. N. Burdenko.,Zh Vopr Neirokhir Im N N Burdenko,0042-8817,2309-1681,Russia (Federation),Neurosurgery,1977,7809757
eNeuro.,eNeuro,,2373-2822,United States,Brain; Neurology,2014,101647362
